Node;Centrality Degree
213;0.002692
468;0.002692
418;0.002692
599;0.002699
542;0.002782
474;0.002782
203;0.002886
502;0.002886
518;0.002894
566;0.002894
306;0.002894
435;0.002972
535;0.002972
456;0.002990
183;0.003110
298;0.003120
211;0.003120
637;0.003120
488;0.003170
554;0.003170
413;0.003210
594;0.003221
328;0.003231
414;0.003328
343;0.003361
405;0.003373
168;0.003373
162;0.003384
561;0.003384
287;0.003384
633;0.003384
299;0.003442
514;0.003442
546;0.003442
195;0.003442
597;0.003466
341;0.003490
382;0.003490
612;0.003490
588;0.003503
340;0.003515
319;0.003515
389;0.003617
301;0.003630
244;0.003630
337;0.003643
280;0.003670
448;0.003670
579;0.003670
603;0.003683
492;0.003683
401;0.003683
131;0.003683
569;0.003683
487;0.003683
460;0.003683
636;0.003683
285;0.003683
536;0.003683
159;0.003697
531;0.003697
78;0.003697
259;0.003766
170;0.003766
217;0.003795
548;0.003795
440;0.003795
453;0.003795
353;0.003824
622;0.003824
410;0.003824
268;0.003824
396;0.003824
627;0.003839
423;0.003839
394;0.003839
445;0.003854
452;0.003854
265;0.003854
590;0.003868
551;0.003899
507;0.003945
570;0.003945
455;0.003960
463;0.003976
613;0.003976
349;0.003976
556;0.003992
601;0.003992
290;0.003992
297;0.003992
465;0.003992
175;0.003992
624;0.003992
557;0.004008
497;0.004008
192;0.004008
582;0.004008
494;0.004008
247;0.004008
591;0.004024
583;0.004024
584;0.004024
245;0.004040
241;0.004040
330;0.004040
404;0.004057
398;0.004057
125;0.004057
555;0.004057
236;0.004057
607;0.004057
379;0.004057
174;0.004057
72;0.004073
146;0.004073
426;0.004073
526;0.004090
563;0.004090
578;0.004090
568;0.004090
493;0.004090
609;0.004141
495;0.004141
619;0.004158
617;0.004158
202;0.004158
540;0.004158
75;0.004158
553;0.004158
430;0.004175
510;0.004193
491;0.004193
143;0.004193
312;0.004193
179;0.004193
562;0.004211
270;0.004228
278;0.004228
364;0.004228
101;0.004228
431;0.004246
484;0.004246
284;0.004246
625;0.004246
505;0.004246
390;0.004246
327;0.004246
176;0.004264
600;0.004264
368;0.004264
593;0.004283
565;0.004283
503;0.004283
332;0.004320
358;0.004376
620;0.004396
461;0.004396
273;0.004396
408;0.004396
572;0.004396
475;0.004396
517;0.004396
216;0.004415
451;0.004415
235;0.004415
205;0.004435
564;0.004435
160;0.004435
615;0.004435
250;0.004435
447;0.004435
605;0.004435
303;0.004435
222;0.004454
178;0.004454
276;0.004454
355;0.004454
246;0.004454
417;0.004454
231;0.004454
437;0.004454
145;0.004454
293;0.004454
558;0.004454
614;0.004474
611;0.004474
388;0.004474
630;0.004474
415;0.004474
271;0.004494
391;0.004494
386;0.004494
289;0.004494
359;0.004494
111;0.004494
604;0.004494
140;0.004494
133;0.004494
121;0.004515
324;0.004515
501;0.004515
110;0.004515
372;0.004515
123;0.004515
152;0.004515
149;0.004515
623;0.004515
57;0.004535
498;0.004556
242;0.004556
249;0.004556
363;0.004556
365;0.004556
302;0.004556
380;0.004619
443;0.004619
434;0.004619
226;0.004640
454;0.004640
225;0.004640
59;0.004640
361;0.004640
367;0.004640
606;0.004640
257;0.004640
198;0.004640
409;0.004640
215;0.004640
458;0.004662
547;0.004662
316;0.004662
321;0.004662
279;0.004684
315;0.004684
117;0.004684
269;0.004684
483;0.004684
635;0.004684
142;0.004684
385;0.004684
499;0.004684
539;0.004706
325;0.004706
427;0.004706
406;0.004706
450;0.004706
580;0.004706
529;0.004706
70;0.004728
239;0.004751
464;0.004751
525;0.004751
310;0.004751
197;0.004751
331;0.004751
333;0.004751
509;0.004751
264;0.004751
219;0.004751
402;0.004751
399;0.004751
634;0.004751
592;0.004773
393;0.004773
428;0.004773
147;0.004773
528;0.004773
260;0.004773
473;0.004796
471;0.004796
252;0.004796
253;0.004843
350;0.004843
311;0.004843
411;0.004843
530;0.004843
381;0.004843
201;0.004843
429;0.004843
587;0.004843
515;0.004843
513;0.004843
567;0.004890
251;0.004914
419;0.004914
387;0.004914
482;0.004938
519;0.004938
549;0.004938
467;0.004938
356;0.004938
506;0.004938
370;0.004938
626;0.004938
395;0.004938
441;0.004938
229;0.004938
224;0.004938
207;0.004963
210;0.004963
524;0.004988
348;0.004988
550;0.004988
139;0.004988
182;0.004988
91;0.005013
85;0.005013
490;0.005013
292;0.005013
621;0.005013
421;0.005013
137;0.005013
157;0.005013
223;0.005013
378;0.005038
496;0.005038
323;0.005038
267;0.005038
479;0.005038
351;0.005038
362;0.005063
48;0.005063
97;0.005063
113;0.005063
103;0.005063
317;0.005063
305;0.005063
98;0.005089
66;0.005089
533;0.005089
47;0.005089
618;0.005089
108;0.005141
61;0.005141
296;0.005141
544;0.005168
346;0.005222
167;0.005222
126;0.005222
156;0.005222
190;0.005222
375;0.005249
40;0.005249
208;0.005249
99;0.005249
602;0.005249
520;0.005249
194;0.005249
357;0.005249
354;0.005249
58;0.005249
373;0.005277
366;0.005277
369;0.005277
628;0.005277
639;0.005277
442;0.005277
161;0.005277
62;0.005305
438;0.005305
261;0.005305
392;0.005305
275;0.005305
181;0.005305
138;0.005305
516;0.005305
352;0.005305
318;0.005333
512;0.005333
209;0.005333
199;0.005333
81;0.005333
377;0.005333
186;0.005333
581;0.005333
523;0.005333
233;0.005333
189;0.005391
172;0.005391
163;0.005391
631;0.005391
425;0.005391
150;0.005391
212;0.005391
228;0.005420
433;0.005420
322;0.005420
134;0.005420
116;0.005420
403;0.005450
532;0.005450
96;0.005450
180;0.005450
255;0.005450
610;0.005450
313;0.005510
537;0.005510
552;0.005510
291;0.005510
114;0.005510
283;0.005510
420;0.005510
129;0.005510
274;0.005510
240;0.005510
234;0.005510
466;0.005510
153;0.005510
92;0.005510
326;0.005510
336;0.005510
543;0.005540
374;0.005540
400;0.005571
469;0.005571
371;0.005571
573;0.005571
329;0.005571
230;0.005602
314;0.005602
90;0.005634
534;0.005634
154;0.005634
130;0.005634
480;0.005634
100;0.005634
135;0.005634
263;0.005634
407;0.005634
120;0.005666
462;0.005698
335;0.005698
560;0.005698
171;0.005698
576;0.005698
412;0.005698
470;0.005698
424;0.005698
345;0.005698
522;0.005698
112;0.005731
449;0.005731
446;0.005731
105;0.005731
218;0.005731
472;0.005731
360;0.005731
68;0.005731
282;0.005764
148;0.005764
88;0.005764
577;0.005764
227;0.005764
478;0.005764
436;0.005764
164;0.005764
338;0.005764
18;0.005797
22;0.005797
571;0.005831
586;0.005831
45;0.005831
30;0.005900
308;0.005935
288;0.005935
508;0.005970
42;0.006006
169;0.006042
24;0.006042
527;0.006042
477;0.006042
33;0.006042
277;0.006042
541;0.006042
559;0.006042
191;0.006042
595;0.006079
585;0.006079
83;0.006079
102;0.006079
383;0.006079
238;0.006079
237;0.006079
122;0.006079
376;0.006079
545;0.006079
136;0.006079
457;0.006079
107;0.006116
166;0.006116
266;0.006116
459;0.006116
347;0.006116
128;0.006116
256;0.006116
79;0.006154
422;0.006154
286;0.006154
65;0.006154
56;0.006154
52;0.006154
46;0.006154
521;0.006154
485;0.006154
416;0.006154
115;0.006154
334;0.006154
158;0.006154
384;0.006231
64;0.006231
89;0.006270
63;0.006309
476;0.006309
598;0.006309
243;0.006309
504;0.006309
185;0.006309
87;0.006309
196;0.006309
76;0.006390
34;0.006390
54;0.006390
221;0.006390
200;0.006390
86;0.006390
184;0.006390
173;0.006390
106;0.006390
118;0.006390
165;0.006431
574;0.006472
320;0.006472
500;0.006472
489;0.006472
144;0.006472
214;0.006472
309;0.006472
38;0.006515
41;0.006557
67;0.006557
27;0.006557
258;0.006557
339;0.006645
575;0.006645
177;0.006645
486;0.006645
84;0.006645
193;0.006645
204;0.006645
432;0.006645
12;0.006689
71;0.006734
127;0.006734
104;0.006734
187;0.006734
37;0.006734
629;0.006734
44;0.006734
307;0.006734
17;0.006734
25;0.006826
344;0.006969
281;0.006969
272;0.006969
538;0.006969
19;0.007018
596;0.007117
80;0.007117
93;0.007117
28;0.007117
608;0.007117
109;0.007117
632;0.007117
132;0.007117
397;0.007117
141;0.007117
616;0.007117
155;0.007117
439;0.007117
248;0.007117
232;0.007168
300;0.007168
53;0.007168
254;0.007168
36;0.007168
481;0.007168
589;0.007168
206;0.007168
638;0.007168
119;0.007168
124;0.007220
95;0.007220
29;0.007273
69;0.007273
220;0.007273
21;0.007273
304;0.007273
50;0.007273
49;0.007273
74;0.007380
444;0.007491
294;0.007491
11;0.007491
295;0.007491
23;0.007491
32;0.007605
14;0.007605
3;0.007663
262;0.007722
26;0.007722
15;0.007843
77;0.007968
20;0.007968
35;0.007968
43;0.007968
13;0.008097
7;0.008097
94;0.008439
188;0.008439
39;0.008658
0;0.008658
151;0.008658
82;0.008658
511;0.008734
31;0.008734
51;0.008734
55;0.008734
73;0.008734
6;0.008734
16;0.008734
342;0.008734
60;0.008889
10;0.008889
4;0.009217
9;0.009569
1;0.009950
8;0.010695
5;0.011050
2;0.011173
