Node;Centrality Degree
213;0.0026917900403768506
418;0.0026917900403768506
468;0.0026917900403768506
599;0.002699055330634278
474;0.0027816411682892906
542;0.0027816411682892906
203;0.002886002886002886
502;0.002886002886002886
306;0.002894356005788712
518;0.002894356005788712
566;0.002894356005788712
435;0.0029717682020802376
535;0.0029717682020802376
456;0.0029895366218236174
183;0.003110419906687403
211;0.0031201248049922
298;0.0031201248049922
637;0.0031201248049922
488;0.003169572107765452
554;0.003169572107765452
413;0.0032102728731942215
594;0.00322061191626409
328;0.0032310177705977385
414;0.0033277870216306157
343;0.0033613445378151263
168;0.003372681281618887
405;0.003372681281618887
162;0.00338409475465313
287;0.00338409475465313
561;0.00338409475465313
633;0.00338409475465313
195;0.0034423407917383822
299;0.0034423407917383822
514;0.0034423407917383822
546;0.0034423407917383822
597;0.0034662045060658577
341;0.0034904013961605585
382;0.0034904013961605585
612;0.0034904013961605585
588;0.0035026269702276708
319;0.0035149384885764497
340;0.0035149384885764497
389;0.003616636528028933
244;0.003629764065335753
301;0.003629764065335753
337;0.0036429872495446266
280;0.003669724770642202
448;0.003669724770642202
579;0.003669724770642202
131;0.003683241252302026
285;0.003683241252302026
401;0.003683241252302026
460;0.003683241252302026
487;0.003683241252302026
492;0.003683241252302026
536;0.003683241252302026
569;0.003683241252302026
603;0.003683241252302026
636;0.003683241252302026
78;0.0036968576709796672
159;0.0036968576709796672
531;0.0036968576709796672
170;0.003766478342749529
259;0.003766478342749529
217;0.003795066413662239
440;0.003795066413662239
453;0.003795066413662239
548;0.003795066413662239
268;0.0038240917782026767
353;0.0038240917782026767
396;0.0038240917782026767
410;0.0038240917782026767
622;0.0038240917782026767
394;0.003838771593090211
423;0.003838771593090211
627;0.003838771593090211
265;0.0038535645472061657
445;0.0038535645472061657
452;0.0038535645472061657
590;0.0038684719535783366
551;0.003898635477582846
507;0.0039447731755424065
570;0.0039447731755424065
455;0.0039603960396039604
349;0.003976143141153081
463;0.003976143141153081
613;0.003976143141153081
175;0.003992015968063872
290;0.003992015968063872
297;0.003992015968063872
465;0.003992015968063872
556;0.003992015968063872
601;0.003992015968063872
624;0.003992015968063872
192;0.004008016032064128
247;0.004008016032064128
494;0.004008016032064128
497;0.004008016032064128
557;0.004008016032064128
582;0.004008016032064128
583;0.004024144869215292
584;0.004024144869215292
591;0.004024144869215292
241;0.00404040404040404
245;0.00404040404040404
330;0.00404040404040404
125;0.004056795131845842
174;0.004056795131845842
236;0.004056795131845842
379;0.004056795131845842
398;0.004056795131845842
404;0.004056795131845842
555;0.004056795131845842
607;0.004056795131845842
72;0.004073319755600814
146;0.004073319755600814
426;0.004073319755600814
493;0.00408997955010225
526;0.00408997955010225
563;0.00408997955010225
568;0.00408997955010225
578;0.00408997955010225
495;0.004140786749482402
609;0.004140786749482402
75;0.004158004158004158
202;0.004158004158004158
540;0.004158004158004158
553;0.004158004158004158
617;0.004158004158004158
619;0.004158004158004158
430;0.0041753653444676405
143;0.0041928721174004195
179;0.0041928721174004195
312;0.0041928721174004195
491;0.0041928721174004195
510;0.0041928721174004195
562;0.004210526315789474
101;0.004228329809725159
270;0.004228329809725159
278;0.004228329809725159
364;0.004228329809725159
284;0.004246284501061571
327;0.004246284501061571
390;0.004246284501061571
431;0.004246284501061571
484;0.004246284501061571
505;0.004246284501061571
625;0.004246284501061571
176;0.0042643923240938165
368;0.0042643923240938165
600;0.0042643923240938165
503;0.004282655246252677
565;0.004282655246252677
593;0.004282655246252677
332;0.004319654427645789
358;0.00437636761487965
273;0.004395604395604396
408;0.004395604395604396
461;0.004395604395604396
475;0.004395604395604396
517;0.004395604395604396
572;0.004395604395604396
620;0.004395604395604396
216;0.004415011037527594
235;0.004415011037527594
451;0.004415011037527594
160;0.004434589800443459
205;0.004434589800443459
250;0.004434589800443459
303;0.004434589800443459
447;0.004434589800443459
564;0.004434589800443459
605;0.004434589800443459
615;0.004434589800443459
145;0.004454342984409799
178;0.004454342984409799
222;0.004454342984409799
231;0.004454342984409799
246;0.004454342984409799
276;0.004454342984409799
293;0.004454342984409799
355;0.004454342984409799
417;0.004454342984409799
437;0.004454342984409799
558;0.004454342984409799
388;0.0044742729306487695
415;0.0044742729306487695
611;0.0044742729306487695
614;0.0044742729306487695
630;0.0044742729306487695
111;0.0044943820224719105
133;0.0044943820224719105
140;0.0044943820224719105
271;0.0044943820224719105
289;0.0044943820224719105
359;0.0044943820224719105
386;0.0044943820224719105
391;0.0044943820224719105
604;0.0044943820224719105
110;0.004514672686230248
121;0.004514672686230248
123;0.004514672686230248
149;0.004514672686230248
152;0.004514672686230248
324;0.004514672686230248
372;0.004514672686230248
501;0.004514672686230248
623;0.004514672686230248
57;0.0045351473922902496
242;0.004555808656036446
249;0.004555808656036446
302;0.004555808656036446
363;0.004555808656036446
365;0.004555808656036446
498;0.004555808656036446
380;0.004618937644341801
434;0.004618937644341801
443;0.004618937644341801
59;0.004640371229698376
198;0.004640371229698376
215;0.004640371229698376
225;0.004640371229698376
226;0.004640371229698376
257;0.004640371229698376
361;0.004640371229698376
367;0.004640371229698376
409;0.004640371229698376
454;0.004640371229698376
606;0.004640371229698376
316;0.004662004662004662
321;0.004662004662004662
458;0.004662004662004662
547;0.004662004662004662
117;0.00468384074941452
142;0.00468384074941452
269;0.00468384074941452
279;0.00468384074941452
315;0.00468384074941452
385;0.00468384074941452
483;0.00468384074941452
499;0.00468384074941452
635;0.00468384074941452
325;0.004705882352941176
406;0.004705882352941176
427;0.004705882352941176
450;0.004705882352941176
529;0.004705882352941176
539;0.004705882352941176
580;0.004705882352941176
70;0.004728132387706856
197;0.004750593824228029
219;0.004750593824228029
239;0.004750593824228029
264;0.004750593824228029
310;0.004750593824228029
331;0.004750593824228029
333;0.004750593824228029
399;0.004750593824228029
402;0.004750593824228029
464;0.004750593824228029
509;0.004750593824228029
525;0.004750593824228029
634;0.004750593824228029
147;0.00477326968973747
260;0.00477326968973747
393;0.00477326968973747
428;0.00477326968973747
528;0.00477326968973747
592;0.00477326968973747
252;0.004796163069544364
471;0.004796163069544364
473;0.004796163069544364
201;0.004842615012106538
253;0.004842615012106538
311;0.004842615012106538
350;0.004842615012106538
381;0.004842615012106538
411;0.004842615012106538
429;0.004842615012106538
513;0.004842615012106538
515;0.004842615012106538
530;0.004842615012106538
587;0.004842615012106538
567;0.004889975550122249
251;0.004914004914004914
387;0.004914004914004914
419;0.004914004914004914
224;0.0049382716049382715
229;0.0049382716049382715
356;0.0049382716049382715
370;0.0049382716049382715
395;0.0049382716049382715
441;0.0049382716049382715
467;0.0049382716049382715
482;0.0049382716049382715
506;0.0049382716049382715
519;0.0049382716049382715
549;0.0049382716049382715
626;0.0049382716049382715
207;0.004962779156327543
210;0.004962779156327543
139;0.004987531172069825
182;0.004987531172069825
348;0.004987531172069825
524;0.004987531172069825
550;0.004987531172069825
85;0.005012531328320802
91;0.005012531328320802
137;0.005012531328320802
157;0.005012531328320802
223;0.005012531328320802
292;0.005012531328320802
421;0.005012531328320802
490;0.005012531328320802
621;0.005012531328320802
267;0.005037783375314861
323;0.005037783375314861
351;0.005037783375314861
378;0.005037783375314861
479;0.005037783375314861
496;0.005037783375314861
48;0.005063291139240506
97;0.005063291139240506
103;0.005063291139240506
113;0.005063291139240506
305;0.005063291139240506
317;0.005063291139240506
362;0.005063291139240506
47;0.005089058524173028
66;0.005089058524173028
98;0.005089058524173028
533;0.005089058524173028
618;0.005089058524173028
61;0.005141388174807198
108;0.005141388174807198
296;0.005141388174807198
544;0.00516795865633075
126;0.005221932114882507
156;0.005221932114882507
167;0.005221932114882507
190;0.005221932114882507
346;0.005221932114882507
40;0.005249343832020997
58;0.005249343832020997
99;0.005249343832020997
194;0.005249343832020997
208;0.005249343832020997
354;0.005249343832020997
357;0.005249343832020997
375;0.005249343832020997
520;0.005249343832020997
602;0.005249343832020997
161;0.005277044854881266
366;0.005277044854881266
369;0.005277044854881266
373;0.005277044854881266
442;0.005277044854881266
628;0.005277044854881266
639;0.005277044854881266
62;0.005305039787798408
138;0.005305039787798408
181;0.005305039787798408
261;0.005305039787798408
275;0.005305039787798408
352;0.005305039787798408
392;0.005305039787798408
438;0.005305039787798408
516;0.005305039787798408
81;0.005333333333333333
186;0.005333333333333333
199;0.005333333333333333
209;0.005333333333333333
233;0.005333333333333333
318;0.005333333333333333
377;0.005333333333333333
512;0.005333333333333333
523;0.005333333333333333
581;0.005333333333333333
150;0.005390835579514825
163;0.005390835579514825
172;0.005390835579514825
189;0.005390835579514825
212;0.005390835579514825
425;0.005390835579514825
631;0.005390835579514825
116;0.005420054200542005
134;0.005420054200542005
228;0.005420054200542005
322;0.005420054200542005
433;0.005420054200542005
96;0.005449591280653951
180;0.005449591280653951
255;0.005449591280653951
403;0.005449591280653951
532;0.005449591280653951
610;0.005449591280653951
92;0.005509641873278237
114;0.005509641873278237
129;0.005509641873278237
153;0.005509641873278237
234;0.005509641873278237
240;0.005509641873278237
274;0.005509641873278237
283;0.005509641873278237
291;0.005509641873278237
313;0.005509641873278237
326;0.005509641873278237
336;0.005509641873278237
420;0.005509641873278237
466;0.005509641873278237
537;0.005509641873278237
552;0.005509641873278237
374;0.00554016620498615
543;0.00554016620498615
329;0.005571030640668524
371;0.005571030640668524
400;0.005571030640668524
469;0.005571030640668524
573;0.005571030640668524
230;0.0056022408963585435
314;0.0056022408963585435
90;0.005633802816901409
100;0.005633802816901409
130;0.005633802816901409
135;0.005633802816901409
154;0.005633802816901409
263;0.005633802816901409
407;0.005633802816901409
480;0.005633802816901409
534;0.005633802816901409
120;0.0056657223796034
171;0.005698005698005698
335;0.005698005698005698
345;0.005698005698005698
412;0.005698005698005698
424;0.005698005698005698
462;0.005698005698005698
470;0.005698005698005698
522;0.005698005698005698
560;0.005698005698005698
576;0.005698005698005698
68;0.0057306590257879654
105;0.0057306590257879654
112;0.0057306590257879654
218;0.0057306590257879654
360;0.0057306590257879654
446;0.0057306590257879654
449;0.0057306590257879654
472;0.0057306590257879654
88;0.005763688760806916
148;0.005763688760806916
164;0.005763688760806916
227;0.005763688760806916
282;0.005763688760806916
338;0.005763688760806916
436;0.005763688760806916
478;0.005763688760806916
577;0.005763688760806916
18;0.005797101449275362
22;0.005797101449275362
45;0.0058309037900874635
571;0.0058309037900874635
586;0.0058309037900874635
30;0.0058997050147492625
288;0.005934718100890208
308;0.005934718100890208
508;0.005970149253731343
42;0.006006006006006006
24;0.006042296072507553
33;0.006042296072507553
169;0.006042296072507553
191;0.006042296072507553
277;0.006042296072507553
477;0.006042296072507553
527;0.006042296072507553
541;0.006042296072507553
559;0.006042296072507553
83;0.0060790273556231
102;0.0060790273556231
122;0.0060790273556231
136;0.0060790273556231
237;0.0060790273556231
238;0.0060790273556231
376;0.0060790273556231
383;0.0060790273556231
457;0.0060790273556231
545;0.0060790273556231
585;0.0060790273556231
595;0.0060790273556231
107;0.0061162079510703364
128;0.0061162079510703364
166;0.0061162079510703364
256;0.0061162079510703364
266;0.0061162079510703364
347;0.0061162079510703364
459;0.0061162079510703364
46;0.006153846153846154
52;0.006153846153846154
56;0.006153846153846154
65;0.006153846153846154
79;0.006153846153846154
115;0.006153846153846154
158;0.006153846153846154
286;0.006153846153846154
334;0.006153846153846154
416;0.006153846153846154
422;0.006153846153846154
485;0.006153846153846154
521;0.006153846153846154
64;0.006230529595015576
384;0.006230529595015576
89;0.006269592476489028
63;0.006309148264984227
87;0.006309148264984227
185;0.006309148264984227
196;0.006309148264984227
243;0.006309148264984227
476;0.006309148264984227
504;0.006309148264984227
598;0.006309148264984227
34;0.006389776357827476
54;0.006389776357827476
76;0.006389776357827476
86;0.006389776357827476
106;0.006389776357827476
118;0.006389776357827476
173;0.006389776357827476
184;0.006389776357827476
200;0.006389776357827476
221;0.006389776357827476
165;0.006430868167202572
144;0.006472491909385114
214;0.006472491909385114
309;0.006472491909385114
320;0.006472491909385114
489;0.006472491909385114
500;0.006472491909385114
574;0.006472491909385114
38;0.006514657980456026
27;0.006557377049180328
41;0.006557377049180328
67;0.006557377049180328
258;0.006557377049180328
84;0.006644518272425249
177;0.006644518272425249
193;0.006644518272425249
204;0.006644518272425249
339;0.006644518272425249
432;0.006644518272425249
486;0.006644518272425249
575;0.006644518272425249
12;0.006688963210702341
17;0.006734006734006734
37;0.006734006734006734
44;0.006734006734006734
71;0.006734006734006734
104;0.006734006734006734
127;0.006734006734006734
187;0.006734006734006734
307;0.006734006734006734
629;0.006734006734006734
25;0.006825938566552901
272;0.006968641114982578
281;0.006968641114982578
344;0.006968641114982578
538;0.006968641114982578
19;0.007017543859649123
28;0.0071174377224199285
80;0.0071174377224199285
93;0.0071174377224199285
109;0.0071174377224199285
132;0.0071174377224199285
141;0.0071174377224199285
155;0.0071174377224199285
248;0.0071174377224199285
397;0.0071174377224199285
439;0.0071174377224199285
596;0.0071174377224199285
608;0.0071174377224199285
616;0.0071174377224199285
632;0.0071174377224199285
36;0.007168458781362007
53;0.007168458781362007
119;0.007168458781362007
206;0.007168458781362007
232;0.007168458781362007
254;0.007168458781362007
300;0.007168458781362007
481;0.007168458781362007
589;0.007168458781362007
638;0.007168458781362007
95;0.007220216606498195
124;0.007220216606498195
21;0.007272727272727273
29;0.007272727272727273
49;0.007272727272727273
50;0.007272727272727273
69;0.007272727272727273
220;0.007272727272727273
304;0.007272727272727273
74;0.007380073800738007
11;0.00749063670411985
23;0.00749063670411985
294;0.00749063670411985
295;0.00749063670411985
444;0.00749063670411985
14;0.0076045627376425855
32;0.0076045627376425855
3;0.007662835249042145
26;0.007722007722007722
262;0.007722007722007722
15;0.00784313725490196
20;0.00796812749003984
35;0.00796812749003984
43;0.00796812749003984
77;0.00796812749003984
7;0.008097165991902834
13;0.008097165991902834
94;0.008438818565400843
188;0.008438818565400843
0;0.008658008658008658
39;0.008658008658008658
82;0.008658008658008658
151;0.008658008658008658
6;0.008733624454148471
16;0.008733624454148471
31;0.008733624454148471
51;0.008733624454148471
55;0.008733624454148471
73;0.008733624454148471
342;0.008733624454148471
511;0.008733624454148471
10;0.008888888888888889
60;0.008888888888888889
4;0.009216589861751152
9;0.009569377990430622
1;0.009950248756218905
8;0.0106951871657754
5;0.011049723756906077
2;0.0111731843575419
